{"AT2020pj": 19876.073944266016, "ASASSN-14li": 36013.261743088544, "AT2021uvz": 19980.88233281307, "AT2019azh": 23712.165978124067, "PTF-09ge": 12478.37391072954, "AT2020acka": 19975.180822656435, "AT2021axu": 19882.971643179884, "PS1-10jh": 20002.2736193606, "AT2020abri": 19868.767077250686, "AT2020wey": 43867.021961393104, "AT2020yue": 11438.35472342738, "AT2018bsi": 20001.16826288885, "AT2020neh": 14285.281141635702, "AT2020vwl": null, "AT2022pna": 19923.809874221894, "AT2021jsg": 19980.88574611383, "AT2023mfm": 19931.070944618004, "AT2021nwa": 37844.19607238657, "AT2018lni": 20126.073301502132, "AT2019mha": 19999.99997991547, "AT2021sdu": 20007.7198536316, "OGLE16aaa": 20000.0000002156, "AT2021ehb": 34282.078033422324, "PTF-09axc": 20000.187083759996, "AT2021yte": 19924.209495062878, "AT2021lo": 19877.425277656555, "AT2022exr": 19923.37844326871, "AT2018fyk": null, "AT2022bdw": 17878.488792271735, "AT2020ddv": 19865.917417610315, "AT2022wtn": 19464.069715716632, "SDSS-TDE1": 20032.671898372282, "AT2020vdq": 20000.28646046615, "AT2023cvb": 19496.05595679592, "AT2021ack": 19865.910691021374, "AT2021jjm": 19865.99415050899, "GALEX-D1-9": 20000.00001858813, "AT2021uqv": 20493.687138551086, "AT2019ahk": 15073.26330516793, "AT2022gri": null, "AT2021utq": 19883.862922499044, "AT2021gje": 19980.93187662586, "AT2021crk": 20000.08470502862, "AT2022rz": 19872.02230789604, "GALEX-D3-13": 20000.000006435715, "AT2019ehz": 20714.956059341293, "AT2018iih": null, "iPTF-15af": 70638.92265985112, "AT2020qhs": 19868.68346893993, "AT2019dsg": 17870.377831720216, "AT2023rvb": 19878.40122692833, "AT2019cmw": 19925.643103141705, "AT2018hco": 20000.800836372266, "AT2020ksf": 19999.999982670524, "AT2019teq": 19866.343511810966, "AT2019lwu": 19872.032511089288, "ASASSN-15lh": 15060.247059866502, "AT2019eve": 19980.914106997123, "SDSS-TDE2": null, "iPTF-16fnl": 28451.285632767514, "ASASSN-14ae": 20842.338389872366, "AT2022lri": 19924.888083016056, "GALEX-D23H-1": 20033.524960747753, "AT2018lna": 19965.95346561633, "PTF-09djl": 20000.07302752886, "AT2018zr": 11339.181013008654, "AT2020ocn": 20018.847468231503, "AT2020ysg": 20000.475164905678, "AT2019meg": 19867.033319736052, "AT2020opy": 19866.025004893323, "AT2022dyt": 19872.002388027748, "AT2023clx": 14042.956465213854, "AT2019qiz": 17835.642554376267, "PS1-11af": 19999.999995708888, "AT2017eqx": null, "AT2019cho": 19999.99997991547, "AT2020riz": 20133.548461749047, "AT2018jbv": 19883.31028314156, "AT2018dyb": 23497.26759679707, "ASASSN-15oi": 19999.842638239665, "AT2020mbq": 19869.297224601083, "AT2020zso": 18107.22484661649, "AT2019vcb": 19925.218976175725, "AT2020mot": 20881.433014497692, "AT2021mhg": 19923.616537411282, "AT2019bhf": 19925.60937264727, "AT2022dbl": 33405.47111934868, "AT2022dsb": 46524.24271308179, "iPTF-16axa": 19999.999979289427, "AT2018hyz": 17419.513274196353, "AT2021yzv": 19873.99954794057, "AT2022hvp": 24859.72476787056}